dataset,task,n,episodes,label_residual_rho,rho_ci_low,rho_ci_high,progress_monotone_rho,descriptive_progress_max_min,cross_episode_progress_high_low,both_progress_folds_above_one,progress_fold_ratios,stage_rms
gr1,gr1_unified.PnPBottleToCabinetClose,120,12,0.3103757205361483,0.12439165183318572,0.48598655876632396,0.31259516736481474,3.4899285170396817,1.811230734039201,True,"[2.0095900084465153, 1.6324507775912813]","[0.07421263965370412, 0.038236030639942443, 0.03369284387371021, 0.047639404495167244, 0.05363268554096048, 0.08386480408345685, 0.117585616655027, 0.10481676073503961, 0.04956209163477722, 0.04763938655141773]"
gr1,gr1_unified.PnPCanToDrawerClose,120,12,0.4037849850684075,0.24990066120186138,0.5831705689060634,0.17930095718645886,3.6795413130255366,1.2643703160924513,True,"[1.3145257882004384, 1.2161285161276474]","[0.034552730150760824, 0.02942603651166158, 0.06841335218372883, 0.05592702606929043, 0.03226253907677925, 0.05649311818068274, 0.10827431702325663, 0.06841785929978228, 0.07441066954247502, 0.07144974432322192]"
gr1,gr1_unified.PnPCupToDrawerClose,120,12,0.46431002152927286,0.32876961562086593,0.5993029601325536,0.3110354885755955,3.9823330419551755,1.2551848781857398,True,"[1.073093020581898, 1.4681756830100543]","[0.02588344868195626, 0.03033090566556354, 0.08786654706149481, 0.06492923803062302, 0.06182044066037071, 0.09458169858743232, 0.04290863305402001, 0.07542182351195402, 0.10307651292590554, 0.039144307821888207]"
gr1,gr1_unified.PnPMilkToMicrowaveClose,120,12,0.38770053475935823,0.1549539290922221,0.5771157707567747,0.33422459893048123,3.00656501731402,1.3337269641318914,True,"[1.246322772513521, 1.4272607819441678]","[0.07669311993585298, 0.07409675528440766, 0.0524881795635552, 0.07673750826304201, 0.06536885597208424, 0.06767910104773635, 0.08814717823857655, 0.07381851020706123, 0.0869596107591654, 0.15780912449828174]"
gr1,gr1_unified.PnPPotatoToMicrowaveClose,120,12,0.6073199527744981,0.4326213192132284,0.7167575219172505,0.23958997081425587,2.3582945033270657,1.2903265853046362,True,"[1.374129455348787, 1.2116345299659703]","[0.043647677227393725, 0.06182205476096228, 0.08074737388129598, 0.10065998308790855, 0.04476520621012213, 0.076564552978812, 0.08671933341205972, 0.06133615171188577, 0.10293407728835656, 0.05187637622206932]"
gr1,gr1_unified.PnPWineToCabinetClose,120,12,0.455302451559136,0.29905161335139446,0.5797700919507108,0.4360719494409333,2.5456676393470064,1.3522270868263722,True,"[1.4621498294724382, 1.2505682095566697]","[0.060437985193799296, 0.06807645681285951, 0.11989158387224681, 0.06397890074604762, 0.0825203499885023, 0.09719154814635461, 0.0771546293865912, 0.1266906817978656, 0.1447463168287854, 0.15385502309518836]"
gr1,gr1_unified.PosttrainPnPNovelFromCuttingboardToBasketSplitA,120,12,0.10342384887839431,-0.08313784363830053,0.3022017897805875,0.06949452999269101,2.378299486200612,1.4501206359429335,True,"[1.4814183923806978, 1.419484103615168]","[0.052383950756750376, 0.04473991698292171, 0.05146431380502642, 0.09691868178789975, 0.06885376151307837, 0.055510868454919295, 0.056104931123772274, 0.07608148246114833, 0.10640492157314073, 0.052618538674802644]"
gr1,gr1_unified.PosttrainPnPNovelFromCuttingboardToCardboardboxSplitA,120,12,0.25703173831516074,0.03144509762335393,0.46218440154096635,0.2069865962914091,2.478323260997978,1.1403468025152508,True,"[1.0561435388683493, 1.2312633483514148]","[0.043003029218512255, 0.039990927185913884, 0.05574404381066171, 0.06687309803400932, 0.09911044507372678, 0.055571288679185045, 0.04906731563059341, 0.0530937514718403, 0.07801385936284536, 0.05405500621513993]"
gr1,gr1_unified.PosttrainPnPNovelFromCuttingboardToPanSplitA,120,12,0.42640461143134933,0.2759510458274212,0.5842477398999075,-0.030522952982846033,2.961672870342912,0.8283068394176769,False,"[0.9277950734809767, 0.7394868110820688]","[0.06380900134894263, 0.04358631990978642, 0.06724138453074753, 0.09072800836210898, 0.05635498853234883, 0.04066687916402454, 0.07772475625179262, 0.11673823958390522, 0.12044199274160491, 0.050688511432416095]"
gr1,gr1_unified.PosttrainPnPNovelFromCuttingboardToPotSplitA,120,12,0.367067157441489,0.19725286607839734,0.5190138539009286,0.05894853809292311,3.2206364227453825,1.030758170641037,False,"[1.138798184918915, 0.9329681241271971]","[0.06889149579490576, 0.049823354446713666, 0.033792793393802464, 0.07762734200172311, 0.10883430123038977, 0.0738524956560863, 0.07225013430632293, 0.06512756920607544, 0.08832588812981364, 0.06424512161767272]"
gr1,gr1_unified.PosttrainPnPNovelFromCuttingboardToTieredbasketSplitA,120,12,0.12866865754566287,-0.07817708651821421,0.2774960803449112,-0.08770053475935827,2.4672414882925886,0.8956547065622577,False,"[0.8245983440527088, 0.9728340581482504]","[0.08000996603475863, 0.043966396092477565, 0.06276624580907039, 0.06895188413481718, 0.052274363221738375, 0.04518830274625852, 0.051007076022946816, 0.05382777571659241, 0.08544602962921466, 0.1084757165300658]"
gr1,gr1_unified.PosttrainPnPNovelFromPlacematToBasketSplitA,120,12,0.1812139731925828,-0.06177373982659373,0.40559087731926485,0.1561059457828962,3.332302748027254,1.4927886092674534,True,"[1.4249138378131325, 1.5638965478633375]","[0.043002829987652175, 0.06684849964559911, 0.03763234490299414, 0.1254023663349568, 0.0561545910004759, 0.07102441393510407, 0.07043867950581104, 0.06352338414446655, 0.06794275278747179, 0.0479240521196124]"
gr1,gr1_unified.PosttrainPnPNovelFromPlacematToBowlSplitA,120,12,0.18298492950899367,0.019103147695827955,0.3293808829147996,0.19481908465865683,2.4251223823334698,1.379806636070257,True,"[1.3823674825556262, 1.377250533572868]","[0.043847120352254014, 0.05720263740964549, 0.05161722001534943, 0.0776947915188475, 0.10633463296712063, 0.06233817451272973, 0.10148729926180841, 0.06598322290836137, 0.07276639237204444, 0.06310542168041774]"
gr1,gr1_unified.PosttrainPnPNovelFromPlacematToPlateSplitA,120,12,0.06212931453573164,-0.18898564618668878,0.26105459391578606,-0.09002045288078746,2.154587689454005,1.5053056225078332,True,"[1.3934765969626486, 1.6261091302808817]","[0.052470540083939754, 0.050435818767102916, 0.055813300099958024, 0.09245717103293548, 0.0654001514754768, 0.09774542326568597, 0.07953382812098267, 0.10474343356285755, 0.048614142778009024, 0.08406410768427923]"
gr1,gr1_unified.PosttrainPnPNovelFromPlacematToTieredshelfSplitA,120,12,0.3250572956455309,0.17576108014175978,0.45891799358171975,0.1251234896930313,2.3946643292575294,1.0616891879583934,False,"[0.9739246902578599, 1.1573625179677036]","[0.05143555701889736, 0.04712628632468089, 0.0658654205093005, 0.11285163683209024, 0.07897616569781798, 0.05557359152463316, 0.06075438358314891, 0.07955823396336577, 0.11032345097159496, 0.06389871647607179]"
gr1,gr1_unified.PosttrainPnPNovelFromPlateToBowlSplitA,120,12,0.4709215917772067,0.33377667599409705,0.5795427392405372,0.2713382873810681,2.931175565804284,0.8360226449198964,False,"[0.8704269454003498, 0.8029782011141522]","[0.049758905451970314, 0.03396102270058052, 0.027962773032573066, 0.0665887222980066, 0.07929321981817972, 0.07689899786876007, 0.08196379706520913, 0.07108775244395416, 0.07939186748294294, 0.05941840153219026]"
gr1,gr1_unified.PosttrainPnPNovelFromPlateToCardboardboxSplitA,120,12,0.4436905340648655,0.33270489247503726,0.5374470149163436,0.19917181030518466,3.64751006956498,1.5851721524098767,True,"[1.6114643631509613, 1.5593089181708242]","[0.047600628487896014, 0.03707456660458722, 0.03619731284945486, 0.13203006310958046, 0.06217055182079609, 0.051625068338842124, 0.04531620862310896, 0.0762111763208455, 0.09713699483473263, 0.09779097249744967]"
gr1,gr1_unified.PosttrainPnPNovelFromPlateToPanSplitA,120,12,0.33944023890547953,0.105533655181995,0.539076805668163,0.14566983818320717,2.137890185177058,1.1156679597465684,True,"[1.226707132588366, 1.0146798394973933]","[0.07082489535305089, 0.06944167572944523, 0.05616102417201962, 0.06903208011521489, 0.08833456984063737, 0.08014104138359435, 0.08901612263431499, 0.07752831038245617, 0.10707086605072755, 0.12006610236685226]"
gr1,gr1_unified.PosttrainPnPNovelFromPlateToPlateSplitA,120,12,0.17095631641086184,-0.01574634274434531,0.31899103917754934,0.17191471629974303,2.130238523947332,0.8456176736816696,False,"[0.7833413931133598, 0.9128449694210387]","[0.05234307215462616, 0.035620502979316175, 0.035237734832949875, 0.07506478023779063, 0.07313913856804131, 0.06650705415693164, 0.059304998627828134, 0.07031712204743638, 0.059234894656905825, 0.05980735976221202]"
gr1,gr1_unified.PosttrainPnPNovelFromTrayToCardboardboxSplitA,120,12,0.4689631224390582,0.27931377872355384,0.6092610822872906,0.013469708781374531,2.21453470889996,1.421224348007954,True,"[1.3940015517908753, 1.4489787653218131]","[0.10138412360829302, 0.059262121935257976, 0.0486275259891127, 0.10527124864599031, 0.06105241084511508, 0.04873325103434922, 0.0569538802623905, 0.07699088286010275, 0.08777874776973218, 0.047536508785758595]"
gr1,gr1_unified.PosttrainPnPNovelFromTrayToPlateSplitA,120,12,0.4301618167928328,0.23210383466011353,0.6244064740968076,-0.0005764329219732178,2.3055795939657204,1.0930935840840699,False,"[1.2886993429916485, 0.9271779256067341]","[0.11050299877904668, 0.06522788424145652, 0.10244745367401796, 0.08412321853757923, 0.10822777803491593, 0.07798576000762068, 0.05626323053829414, 0.07167346535814408, 0.09729003152181485, 0.04792851180165748]"
gr1,gr1_unified.PosttrainPnPNovelFromTrayToPotSplitA,120,12,0.48413778734634344,0.2932071941792869,0.6231365755597696,0.22640539761716336,2.3020264799353916,0.5647014803892204,False,"[0.5725121407378113, 0.5569973792046018]","[0.05718797544293659, 0.07981746879975993, 0.05317261452531589, 0.07086552920388405, 0.1224047666446744, 0.08130954229687404, 0.07078570338021031, 0.09775762845114634, 0.06303015909496326, 0.10354046922946845]"
gr1,gr1_unified.PosttrainPnPNovelFromTrayToTieredbasketSplitA,120,12,0.4204875338565178,0.2524417732243434,0.5422429127259139,0.09911469392801578,2.1519430201872027,0.9492090348534079,False,"[0.8098460663791784, 1.1125543844099892]","[0.04734375441984658, 0.04484825385345329, 0.05294773176300767, 0.08744500071172345, 0.057255317871428256, 0.06520506181726136, 0.04971955779166386, 0.08319975871498941, 0.07428713973854854, 0.09651088684752263]"
gr1,gr1_unified.PosttrainPnPNovelFromTrayToTieredshelfSplitA,120,12,0.2806305993471768,0.03957275098819173,0.5219941818434781,0.11529967358844362,3.330015443188483,0.993756900179744,False,"[0.9776969311268815, 1.0100806755285736]","[0.03731446224362879, 0.03834868236650934, 0.040712877220635615, 0.12425773552555745, 0.06177136135397312, 0.07704753741579924, 0.04789241930393875, 0.04660050563557491, 0.06414430244508526, 0.054069754250569965]"
pi05,open the middle drawer of the cabinet,120,12,-0.1726925480936176,-0.3455584908032112,0.03682769166792509,-0.08592972763699255,2.024307967529885,1.1327925741192297,True,"[1.146075096352425, 1.1196639906614574]","[0.07288214285453115, 0.07057461553666226, 0.06569366663752149, 0.0701765741102806, 0.07577317118199868, 0.08264552536543582, 0.09471952899861105, 0.08332010288281497, 0.04679106663507844, 0.06499314467350661]"
pi05,open the top drawer and put the bowl inside,120,12,0.28358913813459263,0.08708408086929374,0.45570369212601153,0.0004548934906831821,1.2209622240405311,0.9546547079254853,False,"[0.9545157615254644, 0.9547936745515757]","[0.0671394323786239, 0.07156733716767127, 0.07040402829479607, 0.07771386207606536, 0.0636496859164789, 0.0651448873983683, 0.06399491642031083, 0.07365439348043504, 0.07225724444183629, 0.06575561397119702]"
pi05,pick up the alphabet soup and place it in the basket,120,12,0.17841516771998053,-0.026223212887440582,0.33815703245943085,-0.2691272627534204,1.6861158133939687,1.1930528515900067,True,"[1.1403479503460534, 1.2481936818101047]","[0.06385781003535321, 0.06515854562944129, 0.06133452049105681, 0.06331760756144711, 0.07022767135735161, 0.04165056207852704, 0.049689169407981085, 0.06098165356663112, 0.05566700078115143, 0.05113313100504042]"
pi05,pick up the bbq sauce and place it in the basket,120,12,0.1377387318563789,0.03179145292776373,0.2627937834021857,-0.24075839259182605,1.3050133420585943,1.0728912074787744,True,"[1.0641241200821612, 1.081730525003405]","[0.059090965404788, 0.053590497516842805, 0.06519638126152225, 0.05617504079478639, 0.05658609939363188, 0.06159896071888273, 0.05568974688887934, 0.05103054594621951, 0.0499584020793827, 0.053836086624935234]"
pi05,pick up the black bowl between the plate and the ramekin and place it on the plate,111,12,0.0052123552123552125,-0.16630701272081877,0.18763561418238894,0.2250629062630322,1.4804905562829878,1.045280350191139,False,"[0.9863423212560795, 1.1077401698674965]","[0.07964027421492359, 0.08575661669040947, 0.07215612067245186, 0.08258133464288712, 0.09293309374832275, 0.09294802560184254, 0.08611054414333676, 0.09492819882314847, 0.0904408310890789, 0.10682645523358066]"
pi05,pick up the black bowl from table center and place it on the plate,119,12,0.36131605184446663,0.1988571424764633,0.49277034064181374,-0.12513086025203587,1.1919159639258976,1.137073165943084,True,"[1.2163665037334068, 1.062948856894207]","[0.0652350816194211, 0.06061117038748593, 0.057437819410963584, 0.06530814443339866, 0.05760125113908982, 0.06433631301883996, 0.0681785620098077, 0.05751110294288901, 0.05720081287043355, 0.06164055858253975]"
pi05,pick up the black bowl in the top drawer of the wooden cabinet and place it on the plate,120,12,0.14690603514132924,0.016482581362231255,0.3054716955595877,-0.14598633928256388,1.259306400774319,1.0953679657186022,True,"[1.0748914653752972, 1.1162345399250044]","[0.0805625358516382, 0.07574409643069366, 0.07197509058423215, 0.06905771487244607, 0.06709643990282294, 0.063973736496616, 0.07632999110616179, 0.06785655127262667, 0.07375369788923912, 0.06552609862607829]"
pi05,pick up the black bowl next to the cookie box and place it on the plate,120,12,0.3269254809361761,0.17999505858412176,0.473110584681424,-0.22871578509599502,1.2642083140426037,1.062267864043233,True,"[1.0507191123169426, 1.073943551374741]","[0.08003826850194412, 0.06730800930788042, 0.07744832229199895, 0.06798156900393569, 0.06613448285028009, 0.0716821509992402, 0.06869818460796147, 0.065034218498838, 0.06331098096167626, 0.06557288528806463]"
pi05,pick up the black bowl next to the plate and place it on the plate,117,12,0.12718608101425163,-0.03456523998170789,0.3205089044283674,-0.10089710039337264,1.269300055491051,0.9959383108983207,False,"[0.9837365224721824, 1.0082914443618702]","[0.07405255953959797, 0.07166748882224806, 0.08152884944806574, 0.07273917353636832, 0.08486203606250646, 0.08002056353650805, 0.07242897146581645, 0.07566495661999446, 0.06685734842237606, 0.0705742464014571]"
pi05,pick up the black bowl next to the ramekin and place it on the plate,120,12,0.25396208070004855,0.06352381225958288,0.44101611500126037,0.1870830859205873,1.5207447903044249,1.2819624728339192,True,"[1.2691032191905824, 1.294952023526198]","[0.053157558878704, 0.06011102316912969, 0.06515388387802336, 0.06673373165033614, 0.0795991908688545, 0.08083908073008983, 0.07625610860960655, 0.07271013739443243, 0.07546287098502347, 0.05595906792205961]"
pi05,pick up the black bowl on the cookie box and place it on the plate,112,12,0.11841835514401887,-0.0774828396327206,0.33760249920728613,-0.0938221406945615,1.424714013186516,1.022921436210484,False,"[0.9682103790189418, 1.0807240733353554]","[0.06732325415475014, 0.0706580489932182, 0.07510820608399621, 0.07368009871335328, 0.07482964736845482, 0.08992060677463591, 0.07566794786013713, 0.07279896222558284, 0.06311484686917583, 0.07168595560583671]"
pi05,pick up the black bowl on the ramekin and place it on the plate,118,12,0.05863362294070171,-0.1357930897614645,0.24173219403393348,0.09720413929150967,1.4429955736197702,1.1395714164249398,True,"[1.11936434249938, 1.160143274023813]","[0.0933763456159446, 0.06959537729455995, 0.06471007071886507, 0.07207465553708198, 0.09085056908004988, 0.08770092638613836, 0.0832809462354325, 0.08036002152661487, 0.07696513310982041, 0.08090558764972987]"
pi05,pick up the black bowl on the stove and place it on the plate,120,12,0.17170636849781235,-0.005612501864888256,0.33682070112518,-0.28528072310745667,1.512482173013583,1.1609635353045604,True,"[1.1665494593000294, 1.155404359036446]","[0.0750021340210006, 0.058982546865860526, 0.06533596948334619, 0.07307090756084739, 0.06597036895116214, 0.05956379232523373, 0.06740230634884, 0.06724567376682017, 0.05351092162699736, 0.049588772257434764]"
pi05,pick up the black bowl on the wooden cabinet and place it on the plate,120,12,0.17471352177234528,-0.02290067945607676,0.3856228974449832,-0.20645985724908816,1.5480022392230999,1.2574234347926214,True,"[1.2595527581166972, 1.2552977111731147]","[0.08561585304610973, 0.07726342027084594, 0.0799365113051313, 0.08206813672432198, 0.07133801964699116, 0.055307318605093234, 0.06499177825782652, 0.070419101362228, 0.06515784187092802, 0.08081015499560831]"
pi05,pick up the book and place it in the back compartment of the caddy,120,12,0.06613653725953192,-0.1359746966704182,0.2697722714409907,0.17061313498656577,1.3011742840654734,0.8680159615666662,False,"[0.9025498269072427, 0.8348034502608553]","[0.04579306805128679, 0.05288273415502791, 0.055919470441860034, 0.05515744287715069, 0.04882913982006731, 0.04886929492182757, 0.04771798118238718, 0.056732357932719975, 0.05958476253679459, 0.0565636597389523]"
pi05,pick up the butter and place it in the basket,120,12,0.16337245642058476,0.003708779128380253,0.30453325244831814,-0.13330856296744642,1.6268541164903128,1.1845553040301546,True,"[1.1829238244490716, 1.1861890337355214]","[0.06410513208429823, 0.05531538566965428, 0.061772163968946636, 0.0643273991002042, 0.053655853905970795, 0.04745313707226728, 0.05248834012263647, 0.06745374673559361, 0.060910146239027844, 0.04146268927979522]"
pi05,pick up the chocolate pudding and place it in the basket,120,12,-0.0319952774498229,-0.20285846911611136,0.13072620891927655,-0.1153033462453058,1.6891640817411309,1.18599923760588,True,"[1.1596893721302592, 1.2129059948337066]","[0.053320448568357263, 0.05422154068558325, 0.05939248823364257, 0.06246985856965763, 0.051411520257418276, 0.04599152134591762, 0.03698270596972788, 0.053455326685458285, 0.05460672467603171, 0.05056817238795865]"
pi05,pick up the cream cheese and place it in the basket,120,12,0.10002777970692409,-0.12774527991535142,0.33468044564536603,-0.4259020685910862,1.7196701096820695,1.1638914966956369,True,"[1.1524434097203862, 1.175453306127268]","[0.06492898961276546, 0.06443725681093694, 0.07310942957914891, 0.06556618881699111, 0.06552638105938283, 0.05915578780887827, 0.04594777221559804, 0.05278360781921486, 0.05348329005271706, 0.042513636288453775]"
pi05,pick up the ketchup and place it in the basket,120,12,0.07194944093339814,-0.08200092450489024,0.19499200561425856,0.09242687834932573,1.3278928541281783,1.0194507029722484,True,"[1.001954833112601, 1.037252081076409]","[0.0548716511910611, 0.0522844795701894, 0.05720638393755507, 0.05742390733502381, 0.05694827269515976, 0.048964666854547284, 0.05187750023829676, 0.062246668945389466, 0.05851323200934683, 0.0650198312209202]"
pi05,pick up the milk and place it in the basket,120,12,0.0135356621987638,-0.08408065740856206,0.10034800798142565,-0.2161137309152119,1.386440252703914,1.1170459084935294,True,"[1.1435923513935384, 1.0911156935962563]","[0.05665001363311915, 0.05967138035799593, 0.054719994186187414, 0.06439874495705557, 0.054872283318987705, 0.04703086598679488, 0.04644898677130984, 0.05443114340366032, 0.05555522030705734, 0.0503368542361918]"
pi05,pick up the orange juice and place it in the basket,120,12,0.0007500520869504826,-0.1417702144170681,0.14146646015488723,-0.14231965233708754,1.3606717334842184,1.0695962244540989,True,"[1.0866733722574504, 1.0527874452190245]","[0.06037729256055403, 0.05357399879863597, 0.0497892432960562, 0.059350392498260296, 0.05131136194068147, 0.04603048467779398, 0.044373151197863336, 0.054020066793317216, 0.053844816450639, 0.05007954880534511]"
pi05,pick up the salad dressing and place it in the basket,120,12,0.2619140218070699,0.09150413742089047,0.4131791046317178,-0.16591487573846725,1.626280293528723,1.1333912278111622,True,"[1.0776668715411732, 1.1919969975900067]","[0.06747076624362981, 0.05893057508937449, 0.05658051033115914, 0.04683186365075429, 0.06418959767915838, 0.055052260730576515, 0.04148778443181582, 0.05073422030545993, 0.05502241351831755, 0.055062968414167225]"
pi05,pick up the tomato sauce and place it in the basket,120,12,0.10485450378498505,-0.09251910133399145,0.2918471209037444,-0.2074908239849442,1.4614356598510754,1.1748647476932126,True,"[1.2040659038763217, 1.1463717815848202]","[0.05954120842604818, 0.0633808389858024, 0.0675074038240634, 0.06815359130642307, 0.06272238752642559, 0.0552984605790891, 0.04663468476837914, 0.06582204244251619, 0.055796876586934135, 0.05215947489357828]"
pi05,push the plate to the front of the stove,120,12,0.06675463573859294,-0.12012258245664544,0.23879815207197186,0.05466351829988193,1.4783871821279182,1.1597484559564297,True,"[1.133350208184809, 1.1867615776482028]","[0.05786170365437006, 0.06901765285118343, 0.0721674627879959, 0.06648234117988454, 0.05497800240064908, 0.05823112514974007, 0.0595488911579531, 0.076815146568846, 0.08127877404811752, 0.06084882558080585]"
pi05,put both moka pots on the stove,120,12,0.23782901590388222,0.11984678466733122,0.3736370720331504,0.057295645530939646,1.626783032162096,1.1257178047349012,True,"[1.14291169869747, 1.1087825746655562]","[0.0603589391176849, 0.045870081075348235, 0.03864224571296824, 0.04844368720020608, 0.05552622607050201, 0.04812297370550297, 0.04781887930868825, 0.03710325097100632, 0.05515485254564463, 0.04898614939396913]"
pi05,put both the alphabet soup and the cream cheese box in the basket,120,12,0.28414473227307446,0.09345663620781179,0.47018993840286577,0.08135287172720328,1.3568252157741938,1.0265490622785296,True,"[1.0134410029704803, 1.0398266639855145]","[0.06805727386593007, 0.05475131645860059, 0.06982154774898072, 0.05397686910868572, 0.07042592622207518, 0.07323717707520791, 0.06880296623599509, 0.064997960228274, 0.06891041692936681, 0.05831405056465856]"
pi05,put both the alphabet soup and the tomato sauce in the basket,120,12,0.3128411695256615,0.07882310083863318,0.5096980782160079,0.19449267310229876,1.4018529339544183,1.1342095875373903,True,"[1.1305259313212968, 1.1379052464176798]","[0.05160509496478967, 0.04946188503403615, 0.05040033919402255, 0.05671659435202889, 0.05898259813468104, 0.055612017163181746, 0.05921381053301789, 0.058551131548268597, 0.06933828865387971, 0.0540972564170386]"
pi05,put both the cream cheese box and the butter in the basket,120,12,0.06092089728453364,-0.11011964343451769,0.22410181159913423,-0.03925980713895167,1.2733801503967646,1.0909310061239852,True,"[1.0785345846401269, 1.1034699091451017]","[0.06660361555791776, 0.056082057449921924, 0.06443352325324149, 0.05422351880959739, 0.05719766848033844, 0.06794737314985755, 0.06693504465356266, 0.06433239387362844, 0.06150552575182063, 0.053359849475183234]"
pi05,put the black bowl in the bottom drawer of the cabinet and close it,120,12,0.338690186818529,0.19915967646361837,0.47166630455963404,0.30841030627126886,2.1482926104280757,1.2589928084114332,True,"[1.4115762361849409, 1.122902788386158]","[0.06053459073070247, 0.06031847441876884, 0.051386563284756166, 0.05841783465096056, 0.057798062617163616, 0.06452222007698864, 0.06795780192974905, 0.07543075875103086, 0.07183865251555474, 0.11039337417993635]"
pi05,put the bowl on the plate,109,12,0.07617458993605783,-0.07770015764147678,0.2276905704488879,-0.09308812559687596,1.5217376055625065,1.0826000368167559,True,"[1.0790021369278624, 1.0862099337936693]","[0.06843083020030855, 0.07183170111544923, 0.056783724201312134, 0.06687735211746879, 0.0640814195157175, 0.07058243907763521, 0.07938970799794927, 0.07056544891619822, 0.06129512794033071, 0.05217043181935631]"
pi05,put the bowl on the stove,115,12,0.17595675846287384,-0.006411042700593853,0.34628116493796174,-0.22749151739919518,1.3112469816601933,1.1578127908838476,True,"[1.09853906931978, 1.2202847364949032]","[0.0687303089604413, 0.06857554756066771, 0.06072074429368678, 0.06723067980263257, 0.06372232992981555, 0.0672081471863988, 0.06805355395210788, 0.05693630823220261, 0.06128504281863932, 0.05241599021522294]"
pi05,put the bowl on top of the cabinet,110,12,0.11731848612582557,-0.08238417645997502,0.30410333952629803,0.07921193816538458,1.3299259810953967,1.1766987515514624,True,"[1.139870360058136, 1.2147170418854927]","[0.0698129924446882, 0.05550361740522795, 0.05920300396079656, 0.06531014962710603, 0.06148744857570269, 0.06246916241936042, 0.07381570283199132, 0.07334887946713893, 0.059061853817627796, 0.06548945569562083]"
pi05,put the cream cheese in the bowl,115,12,0.10955574844156869,-0.13184803057928557,0.3425464513047737,0.10950861972052342,1.5845205824584785,1.2133737579509318,True,"[1.1875294932209832, 1.2397804727280115]","[0.05081633013515419, 0.06096941277636253, 0.062302284756415485, 0.05087978211275652, 0.06935520812666834, 0.08051952102415685, 0.06385652643165252, 0.06214022319283567, 0.05799927077342368, 0.05691077270842074]"
pi05,put the white mug on the left plate and put the yellow and white mug on the right plate,120,12,0.008958955483019653,-0.11461707268286683,0.13609115819859238,0.07169260311942731,1.3659261469800106,1.0749874424734551,True,"[1.0406958228286143, 1.1104089937967667]","[0.05994401235058436, 0.055552455495915115, 0.0630116168739987, 0.06575746156536474, 0.048141300838812524, 0.0496915147813436, 0.058841142793737186, 0.05772277066237147, 0.0637045449975768, 0.05589270575918698]"
pi05,put the white mug on the plate and put the chocolate pudding to the right of the plate,120,12,0.2024029446489339,0.007403427848575517,0.38844730688090773,0.06280351763829298,1.2053775174599413,0.8912290759210758,False,"[0.9068941683976204, 0.8758345719330781]","[0.054119491038007235, 0.04489837437158422, 0.046586304608812495, 0.04884220169718084, 0.05106911736036435, 0.04914473833549515, 0.05105668118087107, 0.04544153178459338, 0.05267633374587852, 0.05098350377395185]"
pi05,put the wine bottle on the rack,120,12,0.17742898812417526,-0.0038050611793884756,0.3292282441837518,-0.026578326892051658,1.6217199647201443,1.1090546918636335,True,"[1.103805526446553, 1.114328819773577]","[0.0855372169038517, 0.061605058836324895, 0.07570904936740343, 0.07419708116025127, 0.06847442103905935, 0.0723227599361981, 0.08711245247332511, 0.08533090983074579, 0.0754417180841434, 0.053716088084515785]"
pi05,put the wine bottle on top of the cabinet,116,12,0.18766001614577327,0.01557487286571748,0.34821013664193845,-0.12475012302004837,1.4150423426844059,1.0471743316897135,True,"[1.0385175254427539, 1.055903298774176]","[0.08357823853973394, 0.06786408065593451, 0.05906412551668373, 0.068849331757298, 0.07693975297441999, 0.0753970835575406, 0.06858975816376378, 0.07194266550117309, 0.062159762661306454, 0.0629151271889022]"
pi05,put the yellow and white mug in the microwave and close it,120,12,0.17737342871032707,-0.03575794129093207,0.35655353376385096,0.18669352038335993,1.3675497424618603,1.017653191068933,True,"[1.0030307956935298, 1.0324887548210526]","[0.06815576648897534, 0.08760663157662794, 0.06596038871061828, 0.06582842281438106, 0.07114966234744806, 0.0786155763678938, 0.07939934169735534, 0.09002364266647728, 0.08164516132281051, 0.07554053776522604]"
pi05,turn on the stove,108,12,-0.06160031247916012,-0.24802559138180919,0.10690560849136493,-0.0393984718879225,1.4877013653752273,1.0276361736750308,False,"[1.0765171587574427, 0.9809747079780645]","[0.06985184956903014, 0.06650288931303606, 0.06818432686324152, 0.06849510800110113, 0.0650689151974222, 0.0702464410835401, 0.08421451719274772, 0.056607138470634644, 0.06519108640011179, None]"
pi05,turn on the stove and put the moka pot on it,120,12,0.40381276477533157,0.279221472853658,0.5091383788046053,-0.06970622959927772,1.596979254734715,1.2758439759768607,True,"[1.272865559599238, 1.2788293616404791]","[0.048408561249553846, 0.050112831105561605, 0.07730746806709231, 0.0727850960087282, 0.0681068318053427, 0.052688004650970885, 0.049008385106269536, 0.059100842575531186, 0.06428691284005265, 0.05700057857103731]"
widowx,close the drawer,576,48,0.8258403662120414,0.7721469600427637,0.8688923442400593,-0.053349463221723605,1.7726411243694398,1.578632138851711,True,"[1.7178284891923983, 1.4507149261374328]","[0.26532283424024694, 0.2310479908068497, 0.19659613689894986, 0.1789731708137372, 0.1602083750896457, 0.17557019126191478, 0.22062348740164084, 0.2839919541523105, 0.2622990964176736, None]"
widowx,open the drawer,576,48,0.7464915982216864,0.6881215210236191,0.7886231946210878,-0.06503404099126014,1.9764848325088293,1.7692362968590751,True,"[1.8520614979290169, 1.6901150839882009]","[0.20826887459434176, 0.16281352553745196, 0.13847412116598729, 0.1299030282772697, 0.12590387716004076, 0.12491600102435352, 0.1575728532396745, 0.21730484219544485, 0.24689458136229211, None]"
widowx,sweep into pile,576,48,0.7466689900283827,0.6941560760620289,0.7874868780237797,0.329162997285274,1.7758151116194816,1.2759237942571742,True,"[1.248463723201687, 1.30398785202718]","[0.18972208710708052, 0.2077881650434199, 0.2312039160208795, 0.25816893466183505, 0.2223672551552314, 0.24093729739174125, 0.251627562576223, 0.24393540030317784, 0.26503750360653344, 0.3369113492927412]"
tool_hang,tool_hang,4000,200,-0.10082955761434732,-0.13303481766618588,-0.06336454147881015,0.04347966519371527,1.2541425503393793,1.176104201159445,True,"[1.1677097685896554, 1.1845589796303]","[0.006128634904820046, 0.007201376559616425, 0.006762090277471427, 0.007275844707431801, 0.0067659058612415945, 0.006279257604015793, 0.005897622792587463, 0.0063751556998634055, 0.007267112411957551, 0.007396459690035292]"
transport,transport,4000,200,0.04888745686796605,0.019885661432594324,0.07980790946109757,-0.13974664088395727,1.2120142948962835,1.061786933331872,True,"[1.058752784832083, 1.0648297770221251]","[0.009992627550134898, 0.009539139772795526, 0.009615144222995288, 0.010099516080559475, 0.009681710103735287, 0.009706653802876096, 0.01021985041240251, 0.00983025818281551, 0.009727364571378712, 0.00843212035983211]"
